algorith,benchmark,fbog,fbog_sd,emo,emo_sd,eb,eb_sd
PSO,MPB,18.914809094687282,9.056501522589,15.906312621684416,8.325641443051149,15.906312621684416,8.325641443051149
