algorith,benchmark,fbog,fbog_sd,emo,emo_sd,eb,eb_sd
PSO,MPB,7.782553613269092,12.518675626175552,0.6105560826194271,0.2697911138896295,0.6105560826194271,0.2697911138896295
