opt0,opt1,opt2,opt3,opt4,opt5,opt6,opt7,opt8,opt9
"(68.45997823766739, [35.026973328144976, 96.72985130198548, 65.96874715526097, 38.88532165722517, 63.2674107141149])","(64.93813605403042, [83.97050469908109, 90.68299357614593, 84.46862419702121, 90.74997363767407, 96.54895874759946])","(63.00877887910436, [69.6286852230278, 9.790480092815834, 73.10298119603023, 64.30752831055747, 91.04124218898576])","(62.47006920218341, [9.340878192995007, 78.75546963324999, 69.12020474815175, 91.75515899502764, 73.0864402263122])","(60.33090144116315, [76.32624679610113, 25.57009214644096, 91.36795193942073, 7.834160888294328, 65.09661065946676])","(52.61781839866356, [5.098847295050124, 60.02277626218473, 59.90497599191272, 63.85179431695839, 45.310412527460045])","(47.49475448928998, [43.79424656596591, 67.00956348290687, 57.70722411133667, 55.49815681737039, 72.07611287240204])","(46.16269958805141, [59.56362429705383, 94.67350657110464, 97.03221032725716, 89.62561892049015, 75.33502478318509])","(35.245655146625566, [4.765727677341591, 55.54912228989566, 11.989019805949287, 25.630634775614514, 87.24598858541344])","(32.10384041850033, [10.608701186996218, 73.7054787461093, 39.85722337985836, 70.72666110978898, 38.21401161456366])"
