opt0,opt1,opt2,opt3,opt4
"(60.016097104533124, [85.98599888175194, 51.40318952988292, 64.05998142590134])","(55.29656324969642, [7.745813485676834, 4.237777840025869, 46.4967011506354])","(47.517301487683966, [62.52555373879386, 60.81908772706861, 79.3048158343667])","(44.24116182553205, [63.19069393643015, 48.73961307099173, 18.760894141263186])","(40.99777492284537, [56.171470907727226, 72.90608719255036, 72.12399850224573])"
"(51.66186815834732, [34.9319071115431, 67.97090459131577, 69.9537634149498])","(49.9668816904054, [84.115549082809, 62.338628496353834, 36.186739917956416])","(47.555867109265435, [2.946890917564314, 32.83449802718237, 38.80268160798174])","(39.528803945669, [45.2785664714995, 76.05675942057431, 99.89840934126748])","(33.47529864898859, [81.10608357552087, 68.51822631227881, 5.055228439403097])"
"(62.31416909828016, [40.53920802811746, 45.85152147651459, 50.478366960663365])","(56.48429763151528, [61.883565945579086, 75.2596410605713, 20.73402623714102])","(51.29811885712644, [8.127566268732762, 46.142143665353466, 63.30294621058836])","(43.4404099792097, [71.76628951707985, 76.00255539468222, 86.01622272657652])","(32.594885474361945, [71.70920516138548, 82.8517057075735, 29.677373847442162])"
"(62.381769130166674, [36.712161864136085, 20.029642469559892, 35.6937708481905])","(59.494904310304, [2.1384155231374775, 67.41132018856021, 43.01126803032918])","(48.83822600223242, [62.404556949298566, 98.91339040456468, 5.479641140612641])","(40.38899122171256, [88.03017136242369, 76.75113701242287, 88.78604378641565])","(33.787458270576614, [92.17253083524719, 62.3358313205008, 37.44597735768302])"
"(64.06968594388296, [26.62030375034992, 3.2057328734167463, 51.764605689050555])","(63.97024453113385, [8.063520812240379, 95.84936362165332, 50.50598703844112])","(56.17841004877238, [71.52852430165508, 82.7103512159296, 27.367225468783225])","(46.63211378516372, [98.69415700240933, 49.04045382796764, 93.07526839244058])","(34.3173511073536, [90.45196628122426, 42.4732960083999, 15.029034020310185])"
