algorith,benchmark,fbog,fbog_sd,emo,emo_sd,eb,eb_sd
PSO,MPB,10.359227515432277,13.938124137164902,4.731359386919741,1.3532184846674509,4.731359386919741,1.3532184846674509
