algorith,benchmark,fbog,fbog_sd,emo,emo_sd,eb,eb_sd
PSO,MPB,18.33510165272689,9.57321579237873,15.50315653620776,7.236823403679117,15.50315653620776,7.236823403679117
