opt0,opt1,opt2,opt3,opt4
"(67.86965105901442, [62.70884026831425, 7.296156583261826, 37.376144791049335, 97.49336690426752, 40.788552613251525])","(48.4088168575698, [57.46652841178431, 78.13929450526003, 55.93620855324737, 15.596786192410672, 6.254249955585012])","(39.93347488495161, [37.49714278314913, 44.7487619483543, 51.00588791661753, 90.06048759698774, 7.116230620729668])","(38.33340710569647, [60.88842791310808, 39.69481611751584, 16.173958827414037, 81.715701813924, 84.2104128340925])","(31.055629661969803, [85.93029632571073, 77.70598653413656, 52.981670674500926, 46.5068076420895, 56.334424125778135])"
