opt0,opt1,opt2,opt3,opt4
"(69.31141904150613, [78.37985890347726, 30.331272607892746, 47.65969541523558])","(66.38985023872961, [25.891675029296334, 51.12747213686085, 40.49341374504143])","(66.08663801758331, [28.18378443997038, 75.58042041572239, 61.83689966753316])","(62.40868943986358, [58.33820394550312, 90.81128851953352, 50.468685581739024])","(40.02025365449762, [84.4421851525048, 75.79544029403024, 42.0571580830845])"
"(69.31141904150613, [78.37985890347726, 30.331272607892746, 47.65969541523558])","(66.38985023872961, [25.891675029296334, 51.12747213686085, 40.49341374504143])","(66.08663801758331, [28.18378443997038, 75.58042041572239, 61.83689966753316])","(62.40868943986358, [58.33820394550312, 90.81128851953352, 50.468685581739024])","(40.02025365449762, [84.4421851525048, 75.79544029403024, 42.0571580830845])"
"(69.31141904150613, [78.37985890347726, 30.331272607892746, 47.65969541523558])","(66.38985023872961, [25.891675029296334, 51.12747213686085, 40.49341374504143])","(66.08663801758331, [28.18378443997038, 75.58042041572239, 61.83689966753316])","(62.40868943986358, [58.33820394550312, 90.81128851953352, 50.468685581739024])","(40.02025365449762, [84.4421851525048, 75.79544029403024, 42.0571580830845])"
