opt0,opt1,opt2,opt3,opt4
"(63.71367818205506, [52.27993107629365, 94.47007551242456, 88.18001335022669])","(63.46310117478073, [37.09606722087582, 0.07460977316615658, 75.5267186325303])","(59.22736608177239, [10.023536775052822, 50.89270571644685, 84.3072928913403])","(35.05636826892509, [7.742178385330412, 21.36167894649883, 30.312833710278543])","(30.37643357678338, [90.02136829331141, 49.6252492251408, 72.02405708920232])"
"(66.7618143191004, [48.725938374726056, 92.32539942416481, 61.47777273774316])","(64.12521052855395, [10.341633695668108, 11.651677987093997, 68.6933840066822])","(46.55186083088553, [32.36762335503367, 47.53381037390704, 64.57256165465547])","(35.61514538557589, [31.294667824512914, 39.220111312196096, 35.446705023139174])","(30.642797596863588, [97.90131372905597, 25.132864665939007, 56.595850500818095])"
"(66.9217406413432, [0.004681521674111622, 8.79465564377221, 49.32601813499303])","(64.44885042901933, [49.59769615152175, 98.44028209504884, 90.00788666275236])","(51.15059019819026, [10.385486975091837, 37.62213405194008, 82.42037251935811])","(43.38789983815706, [9.999693573102938, 58.71774091883073, 43.593269412762])","(37.598346232329085, [79.11678397899239, 43.46860342969752, 62.56517634469621])"
