algorith,benchmark,fbog,fbog_sd,emo,emo_sd,eb,eb_sd
PSO,MPB,23.623723152615504,15.119288733392356,15.63277449970345,13.095894493877658,15.63277449970345,13.095894493877658
