run,gen,nevals,swarmId,partId,part,partError,sbest,sbestError,best,bestError,env
1,1,1,1,1,"[13.436424411240122, 84.74337369372327, 76.3774618976614, 25.50690257394217, 49.54350870919409]",67.75918612540725,"[13.436424411240122, 84.74337369372327, 76.3774618976614, 25.50690257394217, 49.54350870919409]",67.75918612540725,"[13.436424411240122, 84.74337369372327, 76.3774618976614, 25.50690257394217, 49.54350870919409]",67.75918612540725,0
