algorith,benchmark,fbog,fbog_sd,emo,emo_sd,eb,eb_sd
PSO,MPB,32.389295682940066,7.986163097008407,28.161787072882543,8.669623281812617,28.161787072882543,8.669623281812617
