opt0,opt1,opt2,opt3,opt4
"(67.27124593292794, [89.42444781011105, 75.27240334620103, 66.42225818856082])","(61.71170079377961, [47.37769845952716, 7.360792253272597, 36.87409676861573])","(57.06165393006049, [43.46086868975533, 51.499495734033886, 94.65935418911354])","(45.67006600497578, [53.37416246513123, 31.18640735845898, 20.637768994722006])","(37.271221556898965, [3.9207131459893185, 12.216615928871589, 61.86498100435897])"
"(67.27124593292794, [89.42444781011105, 75.27240334620103, 66.42225818856082])","(61.71170079377961, [47.37769845952716, 7.360792253272597, 36.87409676861573])","(57.06165393006049, [43.46086868975533, 51.499495734033886, 94.65935418911354])","(45.67006600497578, [53.37416246513123, 31.18640735845898, 20.637768994722006])","(37.271221556898965, [3.9207131459893185, 12.216615928871589, 61.86498100435897])"
"(67.27124593292794, [89.42444781011105, 75.27240334620103, 66.42225818856082])","(61.71170079377961, [47.37769845952716, 7.360792253272597, 36.87409676861573])","(57.06165393006049, [43.46086868975533, 51.499495734033886, 94.65935418911354])","(45.67006600497578, [53.37416246513123, 31.18640735845898, 20.637768994722006])","(37.271221556898965, [3.9207131459893185, 12.216615928871589, 61.86498100435897])"
"(67.27124593292794, [89.42444781011105, 75.27240334620103, 66.42225818856082])","(61.71170079377961, [47.37769845952716, 7.360792253272597, 36.87409676861573])","(57.06165393006049, [43.46086868975533, 51.499495734033886, 94.65935418911354])","(45.67006600497578, [53.37416246513123, 31.18640735845898, 20.637768994722006])","(37.271221556898965, [3.9207131459893185, 12.216615928871589, 61.86498100435897])"
"(67.27124593292794, [89.42444781011105, 75.27240334620103, 66.42225818856082])","(61.71170079377961, [47.37769845952716, 7.360792253272597, 36.87409676861573])","(57.06165393006049, [43.46086868975533, 51.499495734033886, 94.65935418911354])","(45.67006600497578, [53.37416246513123, 31.18640735845898, 20.637768994722006])","(37.271221556898965, [3.9207131459893185, 12.216615928871589, 61.86498100435897])"
