algorith,benchmark,fbog,fbog_sd,emo,emo_sd,eb,eb_sd
PSO,MPB,11.604935690650853,9.361202491639526,6.0579817211508455,1.9486354326410011,6.0579817211508455,1.9486354326410011
