opt0,opt1,opt2,opt3,opt4,opt5,opt6,opt7,opt8,opt9
"(68.62440802547988, [41.767245980081114, 28.934593319324197, 27.33869314337899, 62.609606180478494, 24.571690470747253])","(67.86532086008653, [21.12145712274234, 12.297098975722754, 25.62569555627564, 8.981772548804102, 60.45294843610319])","(66.39457837485483, [43.49930169619817, 59.72807205153824, 5.031965128836935, 38.134201201431765, 76.9384499199618])","(64.5161156439774, [99.4474031517771, 86.41901863955202, 29.872132900836135, 86.38643743761328, 44.032393796184586])","(62.44853733844216, [84.61056683993513, 28.952122200453367, 95.43285528953307, 35.68105091509061, 49.10863918430951])","(61.714502103986874, [39.80239619063678, 91.8297912311696, 60.19196898443538, 0.04002885949934143, 13.78041884909229])","(57.337562522937134, [31.96294339581125, 2.639012898930948, 60.6497292845136, 27.011434799892577, 6.103226379486493])","(40.55553793368405, [26.331929288338618, 35.523926403037144, 49.96942549941975, 23.314408628307948, 80.41079246466388])","(35.17247542969881, [93.55939343145879, 27.355239958391977, 24.841698314394268, 37.571817496499314, 72.05501256145286])","(34.532762973110124, [23.28055438224229, 32.82214846092061, 77.07038115486269, 71.42627095041281, 70.54617812772243])"
"(68.62440802547988, [41.767245980081114, 28.934593319324197, 27.33869314337899, 62.609606180478494, 24.571690470747253])","(67.86532086008653, [21.12145712274234, 12.297098975722754, 25.62569555627564, 8.981772548804102, 60.45294843610319])","(66.39457837485483, [43.49930169619817, 59.72807205153824, 5.031965128836935, 38.134201201431765, 76.9384499199618])","(64.5161156439774, [99.4474031517771, 86.41901863955202, 29.872132900836135, 86.38643743761328, 44.032393796184586])","(62.44853733844216, [84.61056683993513, 28.952122200453367, 95.43285528953307, 35.68105091509061, 49.10863918430951])","(61.714502103986874, [39.80239619063678, 91.8297912311696, 60.19196898443538, 0.04002885949934143, 13.78041884909229])","(57.337562522937134, [31.96294339581125, 2.639012898930948, 60.6497292845136, 27.011434799892577, 6.103226379486493])","(40.55553793368405, [26.331929288338618, 35.523926403037144, 49.96942549941975, 23.314408628307948, 80.41079246466388])","(35.17247542969881, [93.55939343145879, 27.355239958391977, 24.841698314394268, 37.571817496499314, 72.05501256145286])","(34.532762973110124, [23.28055438224229, 32.82214846092061, 77.07038115486269, 71.42627095041281, 70.54617812772243])"
