algorith,benchmark,fbog,fbog_sd,emo,emo_sd,eb,eb_sd
PSO,MPB,24.599395029256122,9.268990528442044,23.62487108832187,8.571054048096286,23.62487108832187,8.571054048096286
