algorith,benchmark,fbog,fbog_sd,emo,emo_sd,eb,eb_sd
PSO,MPB,22.193935581942718,10.208947649432593,19.709321885316278,9.599016131893812,19.709321885316278,9.599016131893812
